text,category,urgency_score
Garbage not cleared for two days in hostel A,Other,3
Fan making loud noise in room 274,Electrical,4
Medical emergency: student unconscious in room 109,Other,10
Water leak flooding the corridor near block 2,Plumbing,8
Security concern: main gate not locking in hostel E,Other,8
Water cooler not chilled in block 2,Other,3
CCTV not working in corridor of hostel G,Other,8
Burning smell from wiring in hostel C,Electrical,9
No power in one socket of room 198,Electrical,4
Sink drain slow and gurgling in room 255,Plumbing,3
Internet down in hostel F since last night,Internet,5
Minor leak under washbasin in room 176,Plumbing,3
Water cooler not chilled in block 3,Other,3
Light flickering in hallway of block 2,Electrical,4
Internet down in hostel G since last night,Internet,5
Staircase tile loose in block 3,Civil,7
Bed frame broken in room 280,Carpenter,4
Garbage not cleared for two days in hostel E,Other,3
Fan making loud noise in room 170,Electrical,4
Burst pipe in hostel G causing water overflow,Plumbing,8
Window latch not closing in room 155,Carpenter,4
CCTV not working in corridor of hostel B,Other,8
Common room needs cleaning in hostel B,Other,3
Charging points loose in room 292,Electrical,4
Emergency exit door blocked in block 4,Other,8
Fan making loud noise in room 124,Electrical,4
Common room needs cleaning in hostel E,Other,3
Fallen plaster in corridor of block 5,Civil,7
Medical emergency: student unconscious in room 275,Other,10
Fire alarm triggered due to smoke near kitchen in block 3,Other,10
Cannot connect to hostel WiFi from room 101,Internet,5
Network latency high during exams in hostel G,Internet,5
Sink drain slow and gurgling in room 256,Plumbing,3
Fan making loud noise in room 239,Electrical,4
Medical emergency: student unconscious in room 226,Other,10
Water leak flooding the corridor near block 3,Plumbing,8
Burst pipe in hostel E causing water overflow,Plumbing,8
Paint peeling in room 297,Civil,2
Short circuit smell near corridor panel in block 4,Electrical,9
Electric shock from switch in room 209,Electrical,9
Charging points loose in room 283,Electrical,4
Cannot connect to hostel WiFi from room 213,Internet,5
Gas leak smell in cafeteria near hostel A,Other,10
Sink drain slow and gurgling in room 242,Plumbing,3
Charging points loose in room 119,Electrical,4
Garbage not cleared for two days in hostel B,Other,3
Door lock jammed in room 172,Carpenter,4
Repeated power trips in hostel D causing safety issues,Other,8
Ceiling stains in room 125,Civil,2
Common room needs cleaning in hostel C,Other,3
Paint peeling in room 116,Civil,2
Staircase tile loose in block 1,Civil,7
Fan making loud noise in room 136,Electrical,4
Water seepage on wall of room 164,Civil,7
Minor leak under washbasin in room 126,Plumbing,3
Main water valve stuck and leaking in block 1,Plumbing,8
Fan making loud noise in room 224,Electrical,4
Tube light not working in room 198,Electrical,4
No water supply since morning in hostel C,Plumbing,8
Fallen plaster in corridor of block 4,Civil,7
No power in one socket of room 249,Electrical,4
Medical emergency: student unconscious in room 115,Other,10
Main water valve stuck and leaking in block 5,Plumbing,8
Severe injury reported in hostel A common room,Other,10
Sparks coming from switchboard in room 273,Electrical,9
Tube light not working in room 164,Electrical,4
Repeated power trips in hostel A causing safety issues,Other,8
WiFi router rebooting frequently in block 3,Internet,5
Cannot connect to hostel WiFi from room 218,Internet,5
Door lock jammed in room 260,Carpenter,4
Security concern: main gate not locking in hostel A,Other,8
No power in one socket of room 213,Electrical,4
Fire alarm triggered due to smoke near kitchen in block 5,Other,10
Water cooler not chilled in block 1,Other,3
Internet down in hostel A since last night,Internet,5
Very slow WiFi in room 284,Internet,5
Wardrobe lock broken in room 230,Carpenter,4
Room needs repainting in hostel G,Civil,2
Common room needs cleaning in hostel G,Other,3
Bathroom drainage clogged and overflowing in room 264,Plumbing,8
WiFi router rebooting frequently in block 4,Internet,5
Fallen plaster in corridor of block 1,Civil,7
Power outage and smoke near inverter room in hostel A,Electrical,9
Severe injury reported in hostel D common room,Other,10
Very slow WiFi in room 192,Internet,5
Fan making loud noise in room 191,Electrical,4
Gas leak smell in cafeteria near hostel E,Other,10
Short circuit smell near corridor panel in block 1,Electrical,9
Window latch not closing in room 169,Carpenter,4
Sparks coming from switchboard in room 320,Electrical,9
Minor wall crack in room 190,Civil,2
WiFi router rebooting frequently in block 1,Internet,5
Tube light not working in room 118,Electrical,4
Very slow WiFi in room 203,Internet,5
Toilet flush weak in block 3 restroom,Plumbing,3
Window latch not closing in room 130,Carpenter,4
Fallen plaster in corridor of block 3,Civil,7
Ceiling crack spreading in room 276,Civil,7
Pest sighting in room 118,Other,3
Noise complaint about late-night disturbance in block 3,Other,3
Sink drain slow and gurgling in room 271,Plumbing,3
Power outage and smoke near inverter room in hostel E,Electrical,9
Medical emergency: student unconscious in room 154,Other,10
Ceiling stains in room 231,Civil,2
Minor wall crack in room 173,Civil,2
Elevator stuck between floors in block 1,Other,10
No power in one socket of room 138,Electrical,4
Water leak flooding the corridor near block 4,Plumbing,8
Minor leak under washbasin in room 150,Plumbing,3
Broken window in common area of hostel D,Civil,7
Garbage not cleared for two days in hostel G,Other,3
Water seepage on wall of room 219,Civil,7
Burning smell from wiring in hostel F,Electrical,9
Gas leak smell in cafeteria near hostel G,Other,10
Burning smell from wiring in hostel D,Electrical,9
No power in one socket of room 225,Electrical,4
Pest sighting in room 120,Other,3
Medical emergency: student unconscious in room 160,Other,10
Water seepage on wall of room 117,Civil,7
Broken window in common area of hostel C,Civil,7
Ceiling crack spreading in room 200,Civil,7
Security concern: main gate not locking in hostel G,Other,8
Paint peeling in room 293,Civil,2
Broken window in common area of hostel E,Civil,7
Suspicious activity reported near block 2 entrance,Other,8
Broken window in common area of hostel A,Civil,7
Common room needs cleaning in hostel F,Other,3
Minor wall crack in room 107,Civil,2
Bathroom drainage clogged and overflowing in room 155,Plumbing,8
Room needs repainting in hostel C,Civil,2
Main water valve stuck and leaking in block 3,Plumbing,8
Burst pipe in hostel B causing water overflow,Plumbing,8
Toilet flush weak in block 4 restroom,Plumbing,3
Very slow WiFi in room 256,Internet,5
Shower pressure very low in bathroom 249,Plumbing,3
Bathroom drainage clogged and overflowing in room 202,Plumbing,8
Security concern: main gate not locking in hostel C,Other,8
Noise complaint about late-night disturbance in block 5,Other,3
Door lock jammed in room 311,Carpenter,4
Paint peeling in room 263,Civil,2
Minor wall crack in room 288,Civil,2
Ceiling stains in room 169,Civil,2
Wardrobe lock broken in room 172,Carpenter,4
Minor wall crack in room 246,Civil,2
Emergency exit door blocked in block 1,Other,8
Wardrobe lock broken in room 191,Carpenter,4
Very slow WiFi in room 280,Internet,5
Network latency high during exams in hostel A,Internet,5
Shower pressure very low in bathroom 226,Plumbing,3
Severe injury reported in hostel F common room,Other,10
Ceiling stains in room 124,Civil,2
WiFi router rebooting frequently in block 2,Internet,5
Water cooler not chilled in block 4,Other,3
Window latch not closing in room 165,Carpenter,4
Toilet flush weak in block 2 restroom,Plumbing,3
Tube light not working in room 295,Electrical,4
No power in one socket of room 146,Electrical,4
Burning smell from wiring in hostel A,Electrical,9
Cannot connect to hostel WiFi from room 188,Internet,5
Sparks coming from switchboard in room 130,Electrical,9
Minor leak under washbasin in room 248,Plumbing,3
CCTV not working in corridor of hostel A,Other,8
Suspicious activity reported near block 5 entrance,Other,8
Ceiling stains in room 210,Civil,2
Network latency high during exams in hostel E,Internet,5
Shower pressure very low in bathroom 168,Plumbing,3
Medical emergency: student unconscious in room 205,Other,10
Loose floor tile in room 109,Civil,2
No power in one socket of room 280,Electrical,4
Paint peeling in room 168,Civil,2
Sparks coming from switchboard in room 303,Electrical,9
Network latency high during exams in hostel F,Internet,5
Paint peeling in room 280,Civil,2
Staircase tile loose in block 5,Civil,7
Paint peeling in room 211,Civil,2
Study table wobbling in room 124,Carpenter,4
Charging points loose in room 296,Electrical,4
Noise complaint about late-night disturbance in block 1,Other,3
Burning smell from wiring in hostel E,Electrical,9
Power outage and smoke near inverter room in hostel D,Electrical,9
Room needs repainting in hostel D,Civil,2
Medical emergency: student unconscious in room 181,Other,10
Very slow WiFi in room 232,Internet,5
Main water valve stuck and leaking in block 4,Plumbing,8
Charging points loose in room 294,Electrical,4
Ceiling stains in room 153,Civil,2
Network latency high during exams in hostel B,Internet,5
Paint peeling in room 305,Civil,2
Fan making loud noise in room 104,Electrical,4
Minor leak under washbasin in room 228,Plumbing,3
Ceiling stains in room 242,Civil,2
Burning smell from wiring in hostel B,Electrical,9
Sparks coming from switchboard in room 188,Electrical,9
Fire alarm triggered due to smoke near kitchen in block 1,Other,10
Loose floor tile in room 186,Civil,2
Elevator stuck between floors in block 4,Other,10
Fan making loud noise in room 160,Electrical,4
Ceiling crack spreading in room 281,Civil,7
Broken window in common area of hostel F,Civil,7
Minor leak under washbasin in room 217,Plumbing,3
Burst pipe in hostel D causing water overflow,Plumbing,8
Ceiling crack spreading in room 319,Civil,7
Loose floor tile in room 118,Civil,2
No power in one socket of room 212,Electrical,4
Tap dripping continuously in room 278,Plumbing,3
Bathroom drainage clogged and overflowing in room 211,Plumbing,8
Pest sighting in room 121,Other,3
Emergency exit door blocked in block 2,Other,8
Suspicious activity reported near block 4 entrance,Other,8
Cannot connect to hostel WiFi from room 306,Internet,5
Room needs repainting in hostel F,Civil,2
Minor leak under washbasin in room 177,Plumbing,3
Tube light not working in room 248,Electrical,4
Very slow WiFi in room 171,Internet,5
Wardrobe lock broken in room 259,Carpenter,4
Garbage not cleared for two days in hostel C,Other,3
CCTV not working in corridor of hostel F,Other,8
Very slow WiFi in room 145,Internet,5
Fan making loud noise in room 194,Electrical,4
Elevator stuck between floors in block 2,Other,10
Minor leak under washbasin in room 294,Plumbing,3
Tube light not working in room 194,Electrical,4
Minor leak under washbasin in room 238,Plumbing,3
Minor leak under washbasin in room 250,Plumbing,3
Staircase tile loose in block 2,Civil,7
Light flickering in hallway of block 4,Electrical,4
Cannot connect to hostel WiFi from room 112,Internet,5
Bathroom drainage clogged and overflowing in room 125,Plumbing,8
Charging points loose in room 217,Electrical,4
Study table wobbling in room 291,Carpenter,4
Wardrobe lock broken in room 161,Carpenter,4
Door lock jammed in room 240,Carpenter,4
Noise complaint about late-night disturbance in block 4,Other,3
Pest sighting in room 106,Other,3
Bathroom drainage clogged and overflowing in room 302,Plumbing,8
Short circuit smell near corridor panel in block 3,Electrical,9
Sparks coming from switchboard in room 134,Electrical,9
Bathroom drainage clogged and overflowing in room 251,Plumbing,8
Door lock jammed in room 114,Carpenter,4
Minor leak under washbasin in room 232,Plumbing,3
Security concern: main gate not locking in hostel D,Other,8
Security concern: main gate not locking in hostel F,Other,8
Paint peeling in room 317,Civil,2
Paint peeling in room 256,Civil,2
Sparks coming from switchboard in room 260,Electrical,9
Repeated power trips in hostel C causing safety issues,Other,8
Minor wall crack in room 312,Civil,2
Ceiling stains in room 181,Civil,2
Tap dripping continuously in room 291,Plumbing,3
Wardrobe lock broken in room 251,Carpenter,4
Window latch not closing in room 174,Carpenter,4
CCTV not working in corridor of hostel C,Other,8
Severe injury reported in hostel B common room,Other,10
Sink drain slow and gurgling in room 195,Plumbing,3
Sink drain slow and gurgling in room 307,Plumbing,3
Water cooler not chilled in block 5,Other,3
Internet down in hostel B since last night,Internet,5
Very slow WiFi in room 147,Internet,5
Power outage and smoke near inverter room in hostel F,Electrical,9
Sparks coming from switchboard in room 156,Electrical,9
Bed frame broken in room 299,Carpenter,4
Ceiling stains in room 214,Civil,2
Window latch not closing in room 274,Carpenter,4
Electric shock from switch in room 131,Electrical,9
No water supply since morning in hostel F,Plumbing,8
Fire alarm triggered due to smoke near kitchen in block 4,Other,10
No water supply since morning in hostel A,Plumbing,8
Study table wobbling in room 204,Carpenter,4
Bathroom drainage clogged and overflowing in room 218,Plumbing,8
Door lock jammed in room 163,Carpenter,4
Wardrobe lock broken in room 263,Carpenter,4
Bed frame broken in room 161,Carpenter,4
Shower pressure very low in bathroom 145,Plumbing,3
Suspicious activity reported near block 1 entrance,Other,8
Common room needs cleaning in hostel D,Other,3
Emergency exit door blocked in block 5,Other,8
Paint peeling in room 262,Civil,2
Very slow WiFi in room 191,Internet,5
Medical emergency: student unconscious in room 216,Other,10
No water supply since morning in hostel G,Plumbing,8
No power in one socket of room 229,Electrical,4
Sparks coming from switchboard in room 308,Electrical,9
Door lock jammed in room 111,Carpenter,4
Tube light not working in room 234,Electrical,4
Suspicious activity reported near block 3 entrance,Other,8
Broken window in common area of hostel G,Civil,7
Door lock jammed in room 173,Carpenter,4
Cannot connect to hostel WiFi from room 282,Internet,5
Sink drain slow and gurgling in room 265,Plumbing,3
Wardrobe lock broken in room 124,Carpenter,4
Bed frame broken in room 188,Carpenter,4
Minor wall crack in room 140,Civil,2
Sink drain slow and gurgling in room 230,Plumbing,3
Elevator stuck between floors in block 3,Other,10
Short circuit smell near corridor panel in block 5,Electrical,9
Pest sighting in room 173,Other,3
Minor wall crack in room 180,Civil,2
Minor wall crack in room 213,Civil,2
Gas leak smell in cafeteria near hostel B,Other,10
Toilet flush weak in block 1 restroom,Plumbing,3
Shower pressure very low in bathroom 232,Plumbing,3
Room needs repainting in hostel A,Civil,2
Fallen plaster in corridor of block 2,Civil,7
Sink drain slow and gurgling in room 182,Plumbing,3
Sink drain slow and gurgling in room 136,Plumbing,3
Bathroom drainage clogged and overflowing in room 279,Plumbing,8
Tap dripping continuously in room 314,Plumbing,3
Ceiling crack spreading in room 161,Civil,7
Loose floor tile in room 262,Civil,2
Ceiling crack spreading in room 162,Civil,7
Door lock jammed in room 230,Carpenter,4
Bathroom drainage clogged and overflowing in room 189,Plumbing,8
Light flickering in hallway of block 5,Electrical,4
Wardrobe lock broken in room 240,Carpenter,4
Wardrobe lock broken in room 279,Carpenter,4
Minor wall crack in room 117,Civil,2
Paint peeling in room 112,Civil,2
Light flickering in hallway of block 3,Electrical,4
Pest sighting in room 300,Other,3
Bathroom drainage clogged and overflowing in room 305,Plumbing,8
Window latch not closing in room 199,Carpenter,4
Wardrobe lock broken in room 195,Carpenter,4
Ceiling crack spreading in room 311,Civil,7
Power outage and smoke near inverter room in hostel C,Electrical,9
Sink drain slow and gurgling in room 179,Plumbing,3
Loose floor tile in room 143,Civil,2
Study table wobbling in room 264,Carpenter,4
No power in one socket of room 246,Electrical,4
Window latch not closing in room 247,Carpenter,4
Sink drain slow and gurgling in room 281,Plumbing,3
Minor wall crack in room 278,Civil,2
Minor wall crack in room 319,Civil,2
Minor leak under washbasin in room 123,Plumbing,3
Paint peeling in room 247,Civil,2
Window latch not closing in room 134,Carpenter,4
Loose floor tile in room 311,Civil,2
Security concern: main gate not locking in hostel B,Other,8
Minor leak under washbasin in room 189,Plumbing,3
Electric shock from switch in room 189,Electrical,9
Charging points loose in room 261,Electrical,4
Pest sighting in room 140,Other,3
Main water valve stuck and leaking in block 2,Plumbing,8
Tube light not working in room 119,Electrical,4
Minor wall crack in room 137,Civil,2
Bed frame broken in room 203,Carpenter,4
Electric shock from switch in room 128,Electrical,9
Wardrobe lock broken in room 169,Carpenter,4
Minor wall crack in room 113,Civil,2
Cannot connect to hostel WiFi from room 208,Internet,5
Fan making loud noise in room 248,Electrical,4
Wardrobe lock broken in room 228,Carpenter,4
Gas leak smell in cafeteria near hostel D,Other,10
Water leak flooding the corridor near block 5,Plumbing,8
Fan making loud noise in room 113,Electrical,4
Bathroom drainage clogged and overflowing in room 316,Plumbing,8
Minor leak under washbasin in room 287,Plumbing,3
Window latch not closing in room 203,Carpenter,4
Loose floor tile in room 275,Civil,2
Bed frame broken in room 294,Carpenter,4
Medical emergency: student unconscious in room 136,Other,10
Window latch not closing in room 139,Carpenter,4
Repeated power trips in hostel B causing safety issues,Other,8
Wardrobe lock broken in room 290,Carpenter,4
Network latency high during exams in hostel C,Internet,5
Elevator stuck between floors in block 5,Other,10
Paint peeling in room 273,Civil,2
Minor leak under washbasin in room 304,Plumbing,3
Pest sighting in room 280,Other,3
Shower pressure very low in bathroom 181,Plumbing,3
Water seepage on wall of room 206,Civil,7
Power outage and smoke near inverter room in hostel B,Electrical,9
Bed frame broken in room 150,Carpenter,4
No power in one socket of room 158,Electrical,4
Very slow WiFi in room 277,Internet,5
Very slow WiFi in room 274,Internet,5
Electric shock from switch in room 283,Electrical,9
Sink drain slow and gurgling in room 292,Plumbing,3
Minor wall crack in room 170,Civil,2
Pest sighting in room 141,Other,3
Very slow WiFi in room 297,Internet,5
Toilet flush weak in block 5 restroom,Plumbing,3
Broken window in common area of hostel B,Civil,7
Bathroom drainage clogged and overflowing in room 128,Plumbing,8
Bed frame broken in room 235,Carpenter,4
Minor wall crack in room 220,Civil,2
Door lock jammed in room 148,Carpenter,4
Cannot connect to hostel WiFi from room 293,Internet,5
Very slow WiFi in room 286,Internet,5
Light flickering in hallway of block 1,Electrical,4
WiFi router rebooting frequently in block 5,Internet,5
Pest sighting in room 275,Other,3
Door lock jammed in room 116,Carpenter,4
Charging points loose in room 209,Electrical,4
Door lock jammed in room 118,Carpenter,4
Paint peeling in room 147,Civil,2
Noise complaint about late-night disturbance in block 2,Other,3
Fan making loud noise in room 140,Electrical,4
Loose floor tile in room 163,Civil,2
No water supply since morning in hostel D,Plumbing,8
Charging points loose in room 254,Electrical,4
Internet down in hostel E since last night,Internet,5
Window latch not closing in room 182,Carpenter,4
No power in one socket of room 307,Electrical,4
Paint peeling in room 207,Civil,2
Cannot connect to hostel WiFi from room 255,Internet,5
Bed frame broken in room 149,Carpenter,4
Minor leak under washbasin in room 281,Plumbing,3
Tube light not working in room 183,Electrical,4
Cannot connect to hostel WiFi from room 267,Internet,5
Bed frame broken in room 232,Carpenter,4
Ceiling stains in room 295,Civil,2
Wardrobe lock broken in room 206,Carpenter,4
Sparks coming from switchboard in room 250,Electrical,9
Wardrobe lock broken in room 314,Carpenter,4
Tube light not working in room 166,Electrical,4
Ceiling stains in room 288,Civil,2
Wardrobe lock broken in room 226,Carpenter,4
Water leak flooding the corridor near block 1,Plumbing,8
No water supply since morning in hostel B,Plumbing,8
Sparks coming from switchboard in room 217,Electrical,9
Door lock jammed in room 224,Carpenter,4
Common room needs cleaning in hostel A,Other,3
Ceiling crack spreading in room 218,Civil,7
Garbage not cleared for two days in hostel F,Other,3
Ceiling stains in room 245,Civil,2
Charging points loose in room 120,Electrical,4
Sparks coming from switchboard in room 114,Electrical,9
Minor leak under washbasin in room 188,Plumbing,3
Repeated power trips in hostel E causing safety issues,Other,8
Door lock jammed in room 301,Carpenter,4
Ceiling crack spreading in room 176,Civil,7
Water seepage on wall of room 182,Civil,7
Door lock jammed in room 179,Carpenter,4
Sparks coming from switchboard in room 215,Electrical,9
Repeated power trips in hostel G causing safety issues,Other,8
Bathroom drainage clogged and overflowing in room 300,Plumbing,8
Very slow WiFi in room 117,Internet,5
Paint peeling in room 164,Civil,2
Paint peeling in room 102,Civil,2
Window latch not closing in room 309,Carpenter,4
Staircase tile loose in block 4,Civil,7
No power in one socket of room 310,Electrical,4
Minor wall crack in room 313,Civil,2
Minor leak under washbasin in room 136,Plumbing,3
Burning smell from wiring in hostel G,Electrical,9
Loose floor tile in room 203,Civil,2
Bathroom drainage clogged and overflowing in room 253,Plumbing,8
Emergency exit door blocked in block 3,Other,8
Ceiling crack spreading in room 167,Civil,7
Charging points loose in room 243,Electrical,4
Severe injury reported in hostel C common room,Other,10
Sink drain slow and gurgling in room 130,Plumbing,3
Electric shock from switch in room 217,Electrical,9
Charging points loose in room 222,Electrical,4
Minor leak under washbasin in room 182,Plumbing,3
Sink drain slow and gurgling in room 106,Plumbing,3
Door lock jammed in room 290,Carpenter,4
Charging points loose in room 141,Electrical,4
Study table wobbling in room 160,Carpenter,4
Water seepage on wall of room 202,Civil,7
Paint peeling in room 236,Civil,2
Loose floor tile in room 258,Civil,2
Shower pressure very low in bathroom 147,Plumbing,3
Wardrobe lock broken in room 208,Carpenter,4
Pest sighting in room 226,Other,3
Loose floor tile in room 103,Civil,2
Minor wall crack in room 244,Civil,2
Burst pipe in hostel C causing water overflow,Plumbing,8
Charging points loose in room 300,Electrical,4
Loose floor tile in room 241,Civil,2
Medical emergency: student unconscious in room 169,Other,10
Loose floor tile in room 127,Civil,2
Pest sighting in room 216,Other,3
Very slow WiFi in room 213,Internet,5
Shower pressure very low in bathroom 277,Plumbing,3
Study table wobbling in room 143,Carpenter,4
Very slow WiFi in room 320,Internet,5
Medical emergency: student unconscious in room 116,Other,10
Electric shock from switch in room 295,Electrical,9
Paint peeling in room 204,Civil,2
Room needs repainting in hostel E,Civil,2
Minor leak under washbasin in room 318,Plumbing,3
Tube light not working in room 313,Electrical,4
Very slow WiFi in room 134,Internet,5
Shower pressure very low in bathroom 101,Plumbing,3
Water seepage on wall of room 267,Civil,7
Pest sighting in room 261,Other,3
Tap dripping continuously in room 120,Plumbing,3
Paint peeling in room 310,Civil,2
Minor leak under washbasin in room 223,Plumbing,3
Shower pressure very low in bathroom 288,Plumbing,3
Tap dripping continuously in room 177,Plumbing,3
Pest sighting in room 245,Other,3
Shower pressure very low in bathroom 251,Plumbing,3
Bathroom drainage clogged and overflowing in room 256,Plumbing,8
Ceiling crack spreading in room 264,Civil,7
Study table wobbling in room 296,Carpenter,4
Paint peeling in room 118,Civil,2
Bathroom drainage clogged and overflowing in room 116,Plumbing,8
Internet down in hostel C since last night,Internet,5
Fan making loud noise in room 201,Electrical,4
Minor leak under washbasin in room 115,Plumbing,3
Sparks coming from switchboard in room 189,Electrical,9
Wardrobe lock broken in room 288,Carpenter,4
Tap dripping continuously in room 170,Plumbing,3
Medical emergency: student unconscious in room 261,Other,10
Minor leak under washbasin in room 193,Plumbing,3
Wardrobe lock broken in room 247,Carpenter,4
Window latch not closing in room 320,Carpenter,4
Wardrobe lock broken in room 170,Carpenter,4
Medical emergency: student unconscious in room 220,Other,10
Very slow WiFi in room 242,Internet,5
Paint peeling in room 175,Civil,2
Charging points loose in room 139,Electrical,4
Door lock jammed in room 295,Carpenter,4
Charging points loose in room 226,Electrical,4
Burst pipe in hostel F causing water overflow,Plumbing,8
Window latch not closing in room 249,Carpenter,4
Room needs repainting in hostel B,Civil,2
Cannot connect to hostel WiFi from room 124,Internet,5
Electric shock from switch in room 111,Electrical,9
No power in one socket of room 283,Electrical,4
No power in one socket of room 113,Electrical,4
Minor leak under washbasin in room 132,Plumbing,3
Tube light not working in room 250,Electrical,4
Shower pressure very low in bathroom 308,Plumbing,3
Sparks coming from switchboard in room 132,Electrical,9
Electric shock from switch in room 139,Electrical,9
Paint peeling in room 199,Civil,2
Window latch not closing in room 189,Carpenter,4
Sparks coming from switchboard in room 157,Electrical,9
Bathroom drainage clogged and overflowing in room 236,Plumbing,8
Study table wobbling in room 126,Carpenter,4
Fan making loud noise in room 309,Electrical,4
Study table wobbling in room 246,Carpenter,4
Loose floor tile in room 226,Civil,2
Study table wobbling in room 188,Carpenter,4
Electric shock from switch in room 138,Electrical,9
Very slow WiFi in room 288,Internet,5
Very slow WiFi in room 287,Internet,5
Door lock jammed in room 182,Carpenter,4
Bathroom drainage clogged and overflowing in room 278,Plumbing,8
Sink drain slow and gurgling in room 285,Plumbing,3
Water seepage on wall of room 197,Civil,7
Study table wobbling in room 313,Carpenter,4
Loose floor tile in room 142,Civil,2
Paint peeling in room 176,Civil,2
Bathroom drainage clogged and overflowing in room 119,Plumbing,8
No water supply since morning in hostel E,Plumbing,8
Minor wall crack in room 101,Civil,2
Ceiling crack spreading in room 223,Civil,7
Sink drain slow and gurgling in room 221,Plumbing,3
Electric shock from switch in room 148,Electrical,9
Paint peeling in room 220,Civil,2
Loose floor tile in room 177,Civil,2
Minor leak under washbasin in room 229,Plumbing,3
Short circuit smell near corridor panel in block 2,Electrical,9
Pest sighting in room 167,Other,3
Door lock jammed in room 243,Carpenter,4
Paint peeling in room 251,Civil,2
Tap dripping continuously in room 302,Plumbing,3
Repeated power trips in hostel F causing safety issues,Other,8
Cannot connect to hostel WiFi from room 169,Internet,5
Minor wall crack in room 290,Civil,2
Network latency high during exams in hostel D,Internet,5
Bathroom drainage clogged and overflowing in room 171,Plumbing,8
Window latch not closing in room 263,Carpenter,4
Tap dripping continuously in room 226,Plumbing,3
Fire alarm triggered due to smoke near kitchen in block 2,Other,10
No power in one socket of room 232,Electrical,4
Power outage and smoke near inverter room in hostel G,Electrical,9
Window latch not closing in room 220,Carpenter,4
Study table wobbling in room 256,Carpenter,4
Very slow WiFi in room 224,Internet,5
Sink drain slow and gurgling in room 171,Plumbing,3
Very slow WiFi in room 233,Internet,5
Gas leak smell in cafeteria near hostel F,Other,10
Internet down in hostel D since last night,Internet,5
Door lock jammed in room 158,Carpenter,4
Cannot connect to hostel WiFi from room 196,Internet,5
Minor leak under washbasin in room 249,Plumbing,3
Minor leak under washbasin in room 206,Plumbing,3
Sparks coming from switchboard in room 262,Electrical,9
Electric shock from switch in room 102,Electrical,9
Study table wobbling in room 274,Carpenter,4
Sparks coming from switchboard in room 251,Electrical,9
Cannot connect to hostel WiFi from room 253,Internet,5
Ceiling crack spreading in room 287,Civil,7
Garbage not cleared for two days in hostel D,Other,3
Minor leak under washbasin in room 152,Plumbing,3
Minor wall crack in room 185,Civil,2
Medical emergency: student unconscious in room 166,Other,10
Pest sighting in room 168,Other,3
Paint peeling in room 111,Civil,2
Very slow WiFi in room 210,Internet,5
Tap dripping continuously in room 103,Plumbing,3
Wardrobe lock broken in room 203,Carpenter,4
Ceiling stains in room 129,Civil,2
Sparks coming from switchboard in room 127,Electrical,9
Minor wall crack in room 300,Civil,2
Study table wobbling in room 224,Carpenter,4
Sink drain slow and gurgling in room 104,Plumbing,3
Tube light not working in room 139,Electrical,4
Minor wall crack in room 183,Civil,2
No power in one socket of room 230,Electrical,4
Charging points loose in room 204,Electrical,4
Door lock jammed in room 127,Carpenter,4
Shower pressure very low in bathroom 191,Plumbing,3
Tap dripping continuously in room 136,Plumbing,3
Ceiling crack spreading in room 151,Civil,7
Minor wall crack in room 128,Civil,2
Ceiling crack spreading in room 132,Civil,7
Ceiling stains in room 230,Civil,2
Sparks coming from switchboard in room 256,Electrical,9
No power in one socket of room 176,Electrical,4
Minor wall crack in room 255,Civil,2
Very slow WiFi in room 282,Internet,5
Pest sighting in room 278,Other,3
Study table wobbling in room 247,Carpenter,4
Ceiling crack spreading in room 107,Civil,7
Water seepage on wall of room 152,Civil,7
Bathroom drainage clogged and overflowing in room 109,Plumbing,8
Window latch not closing in room 273,Carpenter,4
Charging points loose in room 278,Electrical,4
No power in one socket of room 240,Electrical,4
Minor wall crack in room 148,Civil,2
Window latch not closing in room 111,Carpenter,4
Electric shock from switch in room 299,Electrical,9
Study table wobbling in room 234,Carpenter,4
Charging points loose in room 244,Electrical,4
Charging points loose in room 111,Electrical,4
Paint peeling in room 183,Civil,2
Medical emergency: student unconscious in room 298,Other,10
Pest sighting in room 314,Other,3
Shower pressure very low in bathroom 266,Plumbing,3
Shower pressure very low in bathroom 284,Plumbing,3
Electric shock from switch in room 248,Electrical,9
No power in one socket of room 216,Electrical,4
Ceiling crack spreading in room 265,Civil,7
Sink drain slow and gurgling in room 175,Plumbing,3
Ceiling stains in room 222,Civil,2
Sparks coming from switchboard in room 247,Electrical,9
Charging points loose in room 150,Electrical,4
Shower pressure very low in bathroom 319,Plumbing,3
Pest sighting in room 259,Other,3
Shower pressure very low in bathroom 216,Plumbing,3
Study table wobbling in room 278,Carpenter,4
Window latch not closing in room 181,Carpenter,4
Fan making loud noise in room 171,Electrical,4
Wardrobe lock broken in room 223,Carpenter,4
Ceiling stains in room 225,Civil,2
Medical emergency: student unconscious in room 121,Other,10
Medical emergency: student unconscious in room 249,Other,10
Electric shock from switch in room 298,Electrical,9
Medical emergency: student unconscious in room 229,Other,10
Minor wall crack in room 195,Civil,2
Window latch not closing in room 112,Carpenter,4
Bathroom drainage clogged and overflowing in room 263,Plumbing,8
Very slow WiFi in room 246,Internet,5
Charging points loose in room 310,Electrical,4
Window latch not closing in room 255,Carpenter,4
Shower pressure very low in bathroom 285,Plumbing,3
Charging points loose in room 106,Electrical,4
Tube light not working in room 224,Electrical,4
Shower pressure very low in bathroom 134,Plumbing,3
Tap dripping continuously in room 230,Plumbing,3
Shower pressure very low in bathroom 254,Plumbing,3
Ceiling stains in room 306,Civil,2
Medical emergency: student unconscious in room 277,Other,10
Window latch not closing in room 140,Carpenter,4
Cannot connect to hostel WiFi from room 206,Internet,5
Sparks coming from switchboard in room 203,Electrical,9
Study table wobbling in room 142,Carpenter,4
Sink drain slow and gurgling in room 121,Plumbing,3
Sparks coming from switchboard in room 268,Electrical,9
Burst pipe in hostel A causing water overflow,Plumbing,8
Tap dripping continuously in room 286,Plumbing,3
Ceiling stains in room 298,Civil,2
No power in one socket of room 275,Electrical,4
Loose floor tile in room 224,Civil,2
Sink drain slow and gurgling in room 263,Plumbing,3
Fan making loud noise in room 206,Electrical,4
Study table wobbling in room 280,Carpenter,4
Fan making loud noise in room 168,Electrical,4
Fan making loud noise in room 315,Electrical,4
Minor leak under washbasin in room 296,Plumbing,3
Medical emergency: student unconscious in room 196,Other,10
CCTV not working in corridor of hostel D,Other,8
Minor wall crack in room 172,Civil,2
Water seepage on wall of room 133,Civil,7
Medical emergency: student unconscious in room 201,Other,10
Pest sighting in room 279,Other,3
Gas leak smell in cafeteria near hostel C,Other,10
Pest sighting in room 126,Other,3
Bed frame broken in room 148,Carpenter,4
Water seepage on wall of room 194,Civil,7
Sink drain slow and gurgling in room 243,Plumbing,3
Window latch not closing in room 244,Carpenter,4
Sparks coming from switchboard in room 222,Electrical,9
Bed frame broken in room 308,Carpenter,4
Very slow WiFi in room 132,Internet,5
Study table wobbling in room 248,Carpenter,4
Study table wobbling in room 121,Carpenter,4
Tap dripping continuously in room 159,Plumbing,3
Bed frame broken in room 282,Carpenter,4
Ceiling stains in room 319,Civil,2
Tap dripping continuously in room 241,Plumbing,3
Tap dripping continuously in room 140,Plumbing,3
Minor leak under washbasin in room 164,Plumbing,3
Cannot connect to hostel WiFi from room 134,Internet,5
Bed frame broken in room 220,Carpenter,4
Severe injury reported in hostel E common room,Other,10
Severe injury reported in hostel G common room,Other,10
Very slow WiFi in room 140,Internet,5
Electric shock from switch in room 237,Electrical,9
Cannot connect to hostel WiFi from room 147,Internet,5
Electric shock from switch in room 259,Electrical,9
Medical emergency: student unconscious in room 173,Other,10
Shower pressure very low in bathroom 299,Plumbing,3
Ceiling crack spreading in room 147,Civil,7
No power in one socket of room 313,Electrical,4
Minor wall crack in room 151,Civil,2
Paint peeling in room 222,Civil,2
Pest sighting in room 263,Other,3
Loose floor tile in room 298,Civil,2
Shower pressure very low in bathroom 124,Plumbing,3
Wardrobe lock broken in room 303,Carpenter,4
Shower pressure very low in bathroom 182,Plumbing,3
Electric shock from switch in room 281,Electrical,9
Loose floor tile in room 279,Civil,2
Minor wall crack in room 240,Civil,2
Bed frame broken in room 171,Carpenter,4
Window latch not closing in room 198,Carpenter,4
Sparks coming from switchboard in room 299,Electrical,9
Loose floor tile in room 173,Civil,2
Window latch not closing in room 129,Carpenter,4
Minor leak under washbasin in room 109,Plumbing,3
Charging points loose in room 104,Electrical,4
Tube light not working in room 220,Electrical,4
CCTV not working in corridor of hostel E,Other,8
Sink drain slow and gurgling in room 233,Plumbing,3
Tap dripping continuously in room 237,Plumbing,3
Water seepage on wall of room 269,Civil,7
Pest sighting in room 214,Other,3
Bed frame broken in room 317,Carpenter,4
Window latch not closing in room 312,Carpenter,4
Study table wobbling in room 240,Carpenter,4
Tube light not working in room 291,Electrical,4
Very slow WiFi in room 202,Internet,5
Fan making loud noise in room 106,Electrical,4
Wardrobe lock broken in room 194,Carpenter,4
Minor wall crack in room 310,Civil,2
Bed frame broken in room 207,Carpenter,4
Shower pressure very low in bathroom 103,Plumbing,3
Bathroom drainage clogged and overflowing in room 139,Plumbing,8
Study table wobbling in room 140,Carpenter,4
Medical emergency: student unconscious in room 175,Other,10
Water seepage on wall of room 122,Civil,7
Water seepage on wall of room 224,Civil,7
Minor leak under washbasin in room 190,Plumbing,3
No power in one socket of room 268,Electrical,4
Bathroom drainage clogged and overflowing in room 258,Plumbing,8
Loose floor tile in room 112,Civil,2
Tap dripping continuously in room 163,Plumbing,3
Door lock jammed in room 221,Carpenter,4
Charging points loose in room 241,Electrical,4
Loose floor tile in room 278,Civil,2
Bathroom drainage clogged and overflowing in room 160,Plumbing,8
Loose floor tile in room 148,Civil,2
Window latch not closing in room 105,Carpenter,4
Cannot connect to hostel WiFi from room 243,Internet,5
Pest sighting in room 234,Other,3
Charging points loose in room 180,Electrical,4
Fan making loud noise in room 276,Electrical,4
Fan making loud noise in room 135,Electrical,4
Water seepage on wall of room 141,Civil,7
Door lock jammed in room 285,Carpenter,4
Shower pressure very low in bathroom 287,Plumbing,3
Bathroom drainage clogged and overflowing in room 178,Plumbing,8
Minor leak under washbasin in room 317,Plumbing,3
Fan making loud noise in room 296,Electrical,4
Bathroom drainage clogged and overflowing in room 291,Plumbing,8
Pest sighting in room 117,Other,3
Window latch not closing in room 204,Carpenter,4
Window latch not closing in room 253,Carpenter,4
Minor leak under washbasin in room 163,Plumbing,3
Cannot connect to hostel WiFi from room 299,Internet,5
Cannot connect to hostel WiFi from room 176,Internet,5
Sink drain slow and gurgling in room 284,Plumbing,3
Tap dripping continuously in room 263,Plumbing,3
Door lock jammed in room 287,Carpenter,4
Ceiling crack spreading in room 186,Civil,7
Loose floor tile in room 256,Civil,2
Minor wall crack in room 269,Civil,2
Ceiling stains in room 121,Civil,2
Door lock jammed in room 207,Carpenter,4
Loose floor tile in room 124,Civil,2
Very slow WiFi in room 310,Internet,5
Minor leak under washbasin in room 117,Plumbing,3
Cannot connect to hostel WiFi from room 278,Internet,5
Very slow WiFi in room 235,Internet,5
Fan making loud noise in room 128,Electrical,4
Bed frame broken in room 260,Carpenter,4
No power in one socket of room 131,Electrical,4
Charging points loose in room 112,Electrical,4
Bed frame broken in room 103,Carpenter,4
Pest sighting in room 166,Other,3
Sink drain slow and gurgling in room 241,Plumbing,3
Door lock jammed in room 188,Carpenter,4
Ceiling stains in room 266,Civil,2
Window latch not closing in room 291,Carpenter,4
Charging points loose in room 305,Electrical,4
Door lock jammed in room 316,Carpenter,4
Door lock jammed in room 123,Carpenter,4
Sink drain slow and gurgling in room 300,Plumbing,3
Loose floor tile in room 188,Civil,2
Loose floor tile in room 137,Civil,2
Bathroom drainage clogged and overflowing in room 123,Plumbing,8
Window latch not closing in room 234,Carpenter,4
Very slow WiFi in room 298,Internet,5
Paint peeling in room 141,Civil,2
Medical emergency: student unconscious in room 190,Other,10
Wardrobe lock broken in room 121,Carpenter,4
Loose floor tile in room 309,Civil,2
Paint peeling in room 276,Civil,2
Paint peeling in room 129,Civil,2
Window latch not closing in room 173,Carpenter,4
Study table wobbling in room 231,Carpenter,4
Minor leak under washbasin in room 184,Plumbing,3
Medical emergency: student unconscious in room 237,Other,10
Ceiling stains in room 162,Civil,2
Ceiling crack spreading in room 309,Civil,7
Study table wobbling in room 145,Carpenter,4
Paint peeling in room 219,Civil,2
Study table wobbling in room 146,Carpenter,4
Cannot connect to hostel WiFi from room 128,Internet,5
No power in one socket of room 304,Electrical,4
Electric shock from switch in room 241,Electrical,9
Door lock jammed in room 108,Carpenter,4
Tube light not working in room 201,Electrical,4
Water seepage on wall of room 265,Civil,7
Minor wall crack in room 169,Civil,2
Medical emergency: student unconscious in room 232,Other,10
Loose floor tile in room 208,Civil,2
Bed frame broken in room 110,Carpenter,4
Bathroom drainage clogged and overflowing in room 107,Plumbing,8
Cannot connect to hostel WiFi from room 230,Internet,5
Sink drain slow and gurgling in room 258,Plumbing,3
Very slow WiFi in room 104,Internet,5
Tube light not working in room 109,Electrical,4
Water seepage on wall of room 286,Civil,7
Pest sighting in room 288,Other,3
Door lock jammed in room 294,Carpenter,4
Tap dripping continuously in room 203,Plumbing,3
Ceiling stains in room 236,Civil,2
Window latch not closing in room 186,Carpenter,4
Very slow WiFi in room 166,Internet,5
Pest sighting in room 298,Other,3
Charging points loose in room 181,Electrical,4
Medical emergency: student unconscious in room 313,Other,10
Tap dripping continuously in room 235,Plumbing,3
Minor leak under washbasin in room 286,Plumbing,3
Very slow WiFi in room 107,Internet,5
Charging points loose in room 282,Electrical,4
Tap dripping continuously in room 134,Plumbing,3
Electric shock from switch in room 270,Electrical,9
Minor leak under washbasin in room 278,Plumbing,3
Sink drain slow and gurgling in room 198,Plumbing,3
Charging points loose in room 266,Electrical,4
Water seepage on wall of room 214,Civil,7
Minor wall crack in room 110,Civil,2
Window latch not closing in room 232,Carpenter,4
Ceiling stains in room 317,Civil,2
Paint peeling in room 192,Civil,2
Bed frame broken in room 262,Carpenter,4
Water seepage on wall of room 128,Civil,7
Minor wall crack in room 150,Civil,2
Bathroom drainage clogged and overflowing in room 204,Plumbing,8
Shower pressure very low in bathroom 218,Plumbing,3
Fan making loud noise in room 262,Electrical,4
Bathroom drainage clogged and overflowing in room 217,Plumbing,8
Tap dripping continuously in room 305,Plumbing,3
Window latch not closing in room 276,Carpenter,4
Tap dripping continuously in room 294,Plumbing,3
Water seepage on wall of room 242,Civil,7
Sparks coming from switchboard in room 197,Electrical,9
Sparks coming from switchboard in room 102,Electrical,9
Electric shock from switch in room 206,Electrical,9
Fan making loud noise in room 253,Electrical,4
Very slow WiFi in room 243,Internet,5
Fan making loud noise in room 125,Electrical,4
Tube light not working in room 171,Electrical,4
Ceiling stains in room 272,Civil,2
Tube light not working in room 258,Electrical,4
Paint peeling in room 238,Civil,2
Medical emergency: student unconscious in room 285,Other,10
No power in one socket of room 184,Electrical,4
Water seepage on wall of room 250,Civil,7
Paint peeling in room 156,Civil,2
Bed frame broken in room 133,Carpenter,4
Minor leak under washbasin in room 144,Plumbing,3
Wardrobe lock broken in room 141,Carpenter,4
Charging points loose in room 172,Electrical,4
Window latch not closing in room 252,Carpenter,4
Minor leak under washbasin in room 122,Plumbing,3
Medical emergency: student unconscious in room 156,Other,10
Electric shock from switch in room 266,Electrical,9
Tap dripping continuously in room 142,Plumbing,3
Loose floor tile in room 107,Civil,2
Ceiling stains in room 281,Civil,2
Water seepage on wall of room 261,Civil,7
Study table wobbling in room 210,Carpenter,4
Minor leak under washbasin in room 259,Plumbing,3
Bathroom drainage clogged and overflowing in room 266,Plumbing,8
Wardrobe lock broken in room 267,Carpenter,4
Loose floor tile in room 293,Civil,2
Bed frame broken in room 229,Carpenter,4
Medical emergency: student unconscious in room 274,Other,10
Minor leak under washbasin in room 120,Plumbing,3
Shower pressure very low in bathroom 279,Plumbing,3
Paint peeling in room 117,Civil,2
Window latch not closing in room 268,Carpenter,4
Charging points loose in room 271,Electrical,4
Bed frame broken in room 215,Carpenter,4
Paint peeling in room 130,Civil,2
Tube light not working in room 184,Electrical,4
Bathroom drainage clogged and overflowing in room 284,Plumbing,8
Very slow WiFi in room 215,Internet,5
Medical emergency: student unconscious in room 290,Other,10
Shower pressure very low in bathroom 222,Plumbing,3
Cannot connect to hostel WiFi from room 219,Internet,5
Pest sighting in room 296,Other,3
Cannot connect to hostel WiFi from room 291,Internet,5
Study table wobbling in room 212,Carpenter,4
Electric shock from switch in room 170,Electrical,9
Window latch not closing in room 113,Carpenter,4
Fan making loud noise in room 254,Electrical,4
Ceiling stains in room 127,Civil,2
Fan making loud noise in room 313,Electrical,4
Charging points loose in room 317,Electrical,4
Paint peeling in room 105,Civil,2
Loose floor tile in room 145,Civil,2
Ceiling crack spreading in room 109,Civil,7
Sink drain slow and gurgling in room 178,Plumbing,3
Tap dripping continuously in room 296,Plumbing,3
Paint peeling in room 198,Civil,2
Water seepage on wall of room 205,Civil,7
Sink drain slow and gurgling in room 129,Plumbing,3
Loose floor tile in room 276,Civil,2
Minor wall crack in room 175,Civil,2
Water seepage on wall of room 316,Civil,7
Paint peeling in room 234,Civil,2
Wardrobe lock broken in room 253,Carpenter,4
Ceiling crack spreading in room 286,Civil,7
Cannot connect to hostel WiFi from room 271,Internet,5
Ceiling stains in room 108,Civil,2
Tap dripping continuously in room 228,Plumbing,3
Cannot connect to hostel WiFi from room 167,Internet,5
Paint peeling in room 243,Civil,2
Water seepage on wall of room 225,Civil,7
Cannot connect to hostel WiFi from room 258,Internet,5
Bed frame broken in room 107,Carpenter,4
Bed frame broken in room 115,Carpenter,4
Pest sighting in room 266,Other,3
Sink drain slow and gurgling in room 238,Plumbing,3
Door lock jammed in room 246,Carpenter,4
Loose floor tile in room 197,Civil,2
Paint peeling in room 187,Civil,2
Paint peeling in room 155,Civil,2
Very slow WiFi in room 247,Internet,5
Water seepage on wall of room 284,Civil,7
No power in one socket of room 162,Electrical,4
Door lock jammed in room 317,Carpenter,4
Electric shock from switch in room 161,Electrical,9
Water seepage on wall of room 150,Civil,7
Loose floor tile in room 266,Civil,2
Bathroom drainage clogged and overflowing in room 269,Plumbing,8
Paint peeling in room 181,Civil,2
Door lock jammed in room 161,Carpenter,4
Paint peeling in room 132,Civil,2
Bed frame broken in room 289,Carpenter,4
Water seepage on wall of room 137,Civil,7
Shower pressure very low in bathroom 213,Plumbing,3
Loose floor tile in room 182,Civil,2
Electric shock from switch in room 311,Electrical,9
Ceiling stains in room 166,Civil,2
Fan making loud noise in room 308,Electrical,4
Minor leak under washbasin in room 316,Plumbing,3
Electric shock from switch in room 191,Electrical,9
Window latch not closing in room 296,Carpenter,4
Pest sighting in room 152,Other,3
Shower pressure very low in bathroom 283,Plumbing,3
Pest sighting in room 276,Other,3
Electric shock from switch in room 312,Electrical,9
Sparks coming from switchboard in room 246,Electrical,9
Tap dripping continuously in room 212,Plumbing,3
Ceiling stains in room 283,Civil,2
Fan making loud noise in room 174,Electrical,4
Ceiling stains in room 320,Civil,2
Charging points loose in room 287,Electrical,4
